previewURL,pageURL,tags,imageWidth,imageHeight,imageSize,views,downloads,collections,likes,comments,user,download_view_proportion,popularity,is_onkelglocke
https://cdn.pixabay.com/photo/2017/11/24/05/38/jet-2974131_150.jpg,https://pixabay.com/photos/jet-fighter-jet-raaf-hornets-2974131/,"jet, fighter jet, raaf hornets",4777,3167,1393694,103783,71386,184,192,1,robertwaghorn,0.687839048784483,Very Popular,FALSE
https://cdn.pixabay.com/photo/2012/10/26/02/18/fighter-jet-63090_150.jpg,https://pixabay.com/photos/fighter-jet-f-15-strike-eagle-63090/,"fighter jet, f 15 strike eagle, fighter plane",4256,2832,2437147,62300,28267,165,137,18,WikiImages,0.4537239165329053,Popular,FALSE
https://cdn.pixabay.com/photo/2021/05/06/23/12/jet-6234694_150.jpg,https://pixabay.com/photos/jet-ships-sea-flying-ocean-6234694/,"jet, mac wallpaper, ships",4164,2547,1572302,33064,25242,58,143,106,flutie8211,0.7634285022985725,Popular,FALSE
https://cdn.pixabay.com/photo/2023/05/21/12/08/us-navy-8008429_150.jpg,https://pixabay.com/photos/us-navy-military-aviation-aircraft-8008429/,"us navy, military, aviation",3948,3264,1621983,802,635,6,16,0,dshap,0.7917705735660848,Unpopular,FALSE
https://cdn.pixabay.com/photo/2014/01/24/23/35/clouds-251293_150.jpg,https://pixabay.com/photos/clouds-dramatic-clouds-fighter-jet-251293/,"clouds, dramatic clouds, fighter jet",3840,2880,1131658,7645,4257,75,20,6,ADD,0.5568345323741007,Average,FALSE
https://cdn.pixabay.com/photo/2012/12/17/16/52/f-18-70499_150.jpg,https://pixabay.com/photos/f-18-super-hornet-aircraft-carrier-70499/,"f-18, super, hornet",6300,4195,2115569,24737,13400,61,43,13,12019,0.5416986700084893,Popular,FALSE
https://cdn.pixabay.com/photo/2022/10/06/19/10/fighter-jet-7503437_150.jpg,https://pixabay.com/photos/fighter-jet-flight-air-force-viper-7503437/,"fighter jet, flight, air force",4392,2754,1533735,813,543,2,5,1,onkelglocke,0.6678966789667896,Unpopular,TRUE
https://cdn.pixabay.com/photo/2022/07/19/19/16/plane-7332865_150.jpg,https://pixabay.com/photos/plane-spaceship-hunter-fighter-jet-7332865/,"plane, spaceship, hunter",6000,4000,3277969,418,243,1,14,8,anaterate,0.5813397129186603,Unpopular,FALSE
https://cdn.pixabay.com/photo/2017/07/18/07/44/jet-2515044_150.jpg,https://pixabay.com/photos/jet-engine-fighter-war-fire-2515044/,"jet, engine, fighter",4272,2848,2634565,8386,3237,32,20,4,Ahmet_Salih,0.3860004769854519,Average,FALSE
https://cdn.pixabay.com/photo/2020/09/13/15/29/plane-5568577_150.jpg,https://pixabay.com/photos/plane-aircraft-3d-rendered-5568577/,"plane, aircraft, 3d rendered",7680,4800,2567290,2654,1888,14,13,2,LeeRosario,0.7113790504898266,Average,FALSE
https://cdn.pixabay.com/photo/2016/11/22/23/20/aeroplane-1851133_150.jpg,https://pixabay.com/photos/aeroplane-aircraft-aviation-clouds-1851133/,"aeroplane, aircraft, aviation",4640,2874,2125171,8015,4179,29,14,4,Pexels,0.5213973799126638,Average,FALSE
https://cdn.pixabay.com/photo/2017/08/25/00/47/f-16-thunderbird-2678839_150.jpg,https://pixabay.com/photos/f-16-thunderbird-aircraft-aviation-2678839/,"f-16 thunderbird, aircraft, aviation",5385,3595,2752594,10779,7462,126,27,2,Military_Material,0.6922720103905743,Popular,FALSE
https://cdn.pixabay.com/photo/2023/01/14/15/36/plane-7718500_150.jpg,https://pixabay.com/photos/plane-air-force-fighter-jet-7718500/,"plane, air force, fighter jet",4749,2669,2373566,432,301,1,9,1,SimoneVomFeld,0.6967592592592593,Unpopular,FALSE
https://cdn.pixabay.com/photo/2017/07/28/19/58/f-a-18-hornet-2549648_150.jpg,https://pixabay.com/photos/f-a-18-hornet-take-off-usn-2549648/,"f a-18 hornet, take off, usn",7360,4912,1636064,2780,1937,35,10,1,Military_Material,0.6967625899280575,Average,FALSE
https://cdn.pixabay.com/photo/2019/06/24/11/14/bundeswehr-4295760_150.jpg,https://pixabay.com/photos/armed-forces-fighter-jet-panavia-4295760/,"armed forces, fighter jet, panavia",4896,2752,2980997,3960,2621,8,23,0,SimoneVomFeld,0.6618686868686868,Average,FALSE
https://cdn.pixabay.com/photo/2022/08/09/13/47/fighter-aircraft-7375086_150.jpg,https://pixabay.com/photos/fighter-aircraft-saab-jas-39-gripen-7375086/,"fighter aircraft, saab jas 39 gripen, aircraft",4008,2672,1643134,748,479,2,4,1,Olavi-a,0.6403743315508021,Unpopular,FALSE
https://cdn.pixabay.com/photo/2022/10/06/18/56/saab-jas-39-gripen-7503419_150.jpg,https://pixabay.com/photos/saab-jas-39-gripen-fighter-jet-7503419/,"saab jas 39 gripen, fighter jet, flight",5472,3648,2630429,575,377,0,5,0,onkelglocke,0.6556521739130434,Unpopular,TRUE
https://cdn.pixabay.com/photo/2013/08/25/03/44/reno-airshow-175520_150.jpg,https://pixabay.com/photos/reno-airshow-airplanes-air-show-175520/,"reno airshow, airplanes, air show",3888,2592,1665672,38689,18654,76,71,19,toddwmac,0.4821525498203624,Popular,FALSE
https://cdn.pixabay.com/photo/2016/05/02/14/12/aircraft-1367289_150.jpg,https://pixabay.com/photos/aircraft-fighter-cockpit-instrument-1367289/,"aircraft, fighter, cockpit",4275,3054,3225266,16726,10009,59,32,6,2427999,0.5984096616046873,Popular,FALSE
https://cdn.pixabay.com/photo/2021/10/23/19/02/boeing-f-a-18-hornet-6735759_150.jpg,https://pixabay.com/photos/boeing-f-a-18-hornet-fighter-jet-6735759/,"boeing f a-18 hornet, fighter jet, turbine",5809,3648,2876885,745,547,6,9,2,onkelglocke,0.7342281879194631,Unpopular,TRUE
https://cdn.pixabay.com/photo/2020/04/30/14/47/jet-5113118_150.jpg,https://pixabay.com/photos/jet-military-aircraft-airplane-war-5113118/,"jet, military, aircraft",6000,4000,2906319,3605,2806,36,9,0,HarryJBurgess,0.7783633841886269,Average,FALSE
https://cdn.pixabay.com/photo/2022/09/13/18/53/airbus-7452648_150.jpg,https://pixabay.com/photos/airbus-fighter-jet-fighter-plane-7452648/,"airbus, fighter jet, fighter plane",4911,3187,3119502,1229,1022,0,4,0,onkelglocke,0.8315703824247356,Average,TRUE
https://cdn.pixabay.com/photo/2022/03/01/10/13/aviation-7041015_150.jpg,https://pixabay.com/photos/aviation-jet-transportation-engine-7041015/,"aviation, jet, transportation",3888,2592,1951811,833,651,1,9,11,Bluesnap,0.7815126050420168,Unpopular,FALSE
https://cdn.pixabay.com/photo/2017/08/19/02/11/f-a-18-hornet-2657086_150.jpg,https://pixabay.com/photos/f-a-18-hornet-usmc-2657086/,"f a-18 hornet, usmc, united states marine corps",4448,2554,1130703,13358,4621,11,29,4,Military_Material,0.3459350202126067,Popular,FALSE
https://cdn.pixabay.com/photo/2022/10/06/18/54/panavia-tornado-7503417_150.jpg,https://pixabay.com/photos/panavia-tornado-fighter-jet-7503417/,"panavia tornado, fighter jet, air force",4080,2454,1444233,389,279,0,3,0,onkelglocke,0.7172236503856041,Unpopular,TRUE
https://cdn.pixabay.com/photo/2022/08/09/13/46/fighter-aircraft-7375064_150.jpg,https://pixabay.com/photos/fighter-aircraft-saab-jas-39-gripen-7375064/,"fighter aircraft, saab jas 39 gripen, aircraft",5472,3648,3000575,396,270,0,2,0,Olavi-a,0.6818181818181818,Unpopular,FALSE
https://cdn.pixabay.com/photo/2018/04/18/00/33/aircraft-3329223_150.jpg,https://pixabay.com/photos/plane-military-jet-flew-mig29-3329223/,"plane, military, jet",4288,2848,1738672,1755,898,23,7,0,Netloop,0.5116809116809117,Average,FALSE
https://cdn.pixabay.com/photo/2020/01/02/11/48/royal-australian-air-force-4735625_150.jpg,https://pixabay.com/photos/royal-australian-air-force-4735625/,"royal australian air force, f a-18 hornets, aerospace",3950,2338,2410208,1831,1121,6,10,1,torcasiojohn,0.6122337520480612,Average,FALSE
https://cdn.pixabay.com/photo/2022/03/11/09/53/fighter-jet-7061734_150.jpg,https://pixabay.com/photos/fighter-jet-wing-pilot-g-suit-7061734/,"fighter jet, wing, pilot",3888,2592,2082937,1015,857,2,15,18,Bluesnap,0.8443349753694581,Average,FALSE
https://cdn.pixabay.com/photo/2017/07/18/07/44/jet-2515039_150.jpg,https://pixabay.com/photos/jet-engine-fighter-war-fire-2515039/,"jet, engine, fighter",4272,2848,2855127,1697,771,21,7,0,Ahmet_Salih,0.4543311726576311,Average,FALSE
https://cdn.pixabay.com/photo/2018/04/18/00/37/aircraft-3329229_150.jpg,https://pixabay.com/photos/plane-jet-military-flew-3329229/,"plane, jet, military",4288,2848,1001261,2194,1033,27,9,1,Netloop,0.47082953509571557,Average,FALSE
https://cdn.pixabay.com/photo/2018/08/26/22/22/meeting-3633535_150.jpg,https://pixabay.com/photos/meeting-airshow-plane-military-3633535/,"meeting, airshow, plane",4479,2986,2732271,2031,1023,4,9,0,PokeyArt,0.5036927621861153,Average,FALSE
https://cdn.pixabay.com/photo/2020/05/24/16/20/starfighter-5214941_150.jpg,https://pixabay.com/photos/starfighter-jet-jet-fighter-plane-5214941/,"starfighter, jet, jet fighter",4928,3264,1830365,631,354,0,10,12,emkanicepic,0.561014263074485,Unpopular,FALSE
https://cdn.pixabay.com/photo/2020/04/08/07/55/eurofighter-5016209_150.jpg,https://pixabay.com/photos/eurofighter-super-moon-5016209/,"eurofighter, super moon, photo manipulation",6000,3368,1780242,2004,1236,5,8,2,SimoneVomFeld,0.6167664670658682,Average,FALSE
https://cdn.pixabay.com/photo/2022/09/11/21/17/patrol-suisse-7448051_150.jpg,https://pixabay.com/photos/patrol-suisse-f-5-e-tiger-7448051/,"patrol suisse, f-5 e tiger, swiss air force",4860,3386,1317208,340,256,1,5,0,onkelglocke,0.7529411764705882,Unpopular,TRUE
https://cdn.pixabay.com/photo/2021/09/07/17/50/f-18-6604524_150.jpg,https://pixabay.com/photos/f-18-aircraft-flight-6604524/,"f-18, aircraft, flight",3925,2299,1110987,1221,909,3,8,1,hn2017,0.7444717444717445,Average,FALSE
https://cdn.pixabay.com/photo/2020/06/17/20/35/jet-5311077_150.jpg,https://pixabay.com/photos/jet-jet-fighter-plane-fighter-jet-5311077/,"jet, jet fighter, plane",5184,3456,1047979,688,440,2,6,2,fietzfotos,0.6395348837209303,Unpopular,FALSE
https://cdn.pixabay.com/photo/2020/01/02/12/50/aircraft-4735748_150.jpg,https://pixabay.com/photos/plane-fighter-jet-jet-flying-4735748/,"plane, fighter jet, jet",4753,3170,2058018,741,334,2,9,7,WorldInMyEyes,0.4507422402159244,Unpopular,FALSE
https://cdn.pixabay.com/photo/2014/02/15/16/41/propellers-266704_150.jpg,https://pixabay.com/photos/propellers-airplane-vertical-starter-266704/,"propellers, airplane, vertical starter",4000,3000,1290434,11103,4487,20,24,16,cegoh,0.4041250112582185,Popular,FALSE
https://cdn.pixabay.com/photo/2022/02/27/23/40/stealth-7038292_150.jpg,https://pixabay.com/photos/stealth-bombers-aircraft-7038292/,"stealth, beautiful nature, desktop backgrounds",5464,3240,1626071,2916,2217,6,35,50,flutie8211,0.7602880658436214,Average,FALSE
https://cdn.pixabay.com/photo/2012/10/25/23/44/formation-flight-62887_150.jpg,https://pixabay.com/photos/formation-flight-fujiyama-mount-fuji-62887/,"formation flight, fujiyama, mount fuji",4288,2848,1595877,10441,3493,76,21,5,WikiImages,0.3345464993774543,Popular,FALSE
https://cdn.pixabay.com/photo/2019/06/24/11/15/bundeswehr-4295762_150.jpg,https://pixabay.com/photos/armed-forces-fighter-jet-panavia-4295762/,"armed forces, fighter jet, panavia",4896,2752,3274650,2470,1870,4,15,2,SimoneVomFeld,0.757085020242915,Average,FALSE
https://cdn.pixabay.com/photo/2018/01/12/21/18/petrol-3079094_150.jpg,https://pixabay.com/photos/petrol-equipment-fire-extinguisher-3079094/,"petrol, equipment, fire extinguisher",4608,2592,1341901,18080,10625,35,36,7,GulArt,0.5876659292035398,Popular,FALSE
https://cdn.pixabay.com/photo/2017/08/20/23/34/f-22-raptor-2663597_150.jpg,https://pixabay.com/photos/f-22-raptor-stealth-aircraft-jet-2663597/,"f-22 raptor, stealth, aircraft",4547,2787,550761,10156,6731,27,33,2,Military_Material,0.662760929499803,Popular,FALSE
https://cdn.pixabay.com/photo/2018/04/21/12/41/airplane-3338398_150.jpg,https://pixabay.com/photos/airplane-military-aircraft-jet-3338398/,"airplane, military, aircraft",4962,3319,1670125,1622,859,7,7,0,glimpssss,0.5295930949445129,Average,FALSE
https://cdn.pixabay.com/photo/2022/09/28/20/28/saab-jas-39-gripen-7485936_150.jpg,https://pixabay.com/photos/saab-jas-39-gripen-fighter-jet-7485936/,"saab jas 39 gripen, fighter jet, fighter plane",5472,3648,2525923,420,269,1,3,0,onkelglocke,0.6404761904761904,Unpopular,TRUE
https://cdn.pixabay.com/photo/2013/05/05/13/32/uss-nimitz-108937_150.jpg,https://pixabay.com/photos/uss-nimitz-ships-aircraft-carrier-108937/,"uss nimitz, ships, aircraft carrier",4248,2832,2819012,8955,4215,91,12,0,12019,0.47068676716917923,Average,FALSE
https://cdn.pixabay.com/photo/2012/12/12/11/57/great-britain-69583_150.jpg,https://pixabay.com/photos/great-britain-england-britain-pilot-69583/,"great britain, england, britain",6250,4796,2904476,5155,1968,8,16,2,12019,0.38176527643064984,Average,FALSE
https://cdn.pixabay.com/photo/2017/08/25/07/35/f-16-fighting-falcon-2679331_150.jpg,https://pixabay.com/photos/f-16-fighting-falcon-air-force-2679331/,"f-16 fighting falcon, air force, preparation",5937,3736,2640442,1204,682,21,3,0,Military_Material,0.5664451827242525,Average,FALSE
https://cdn.pixabay.com/photo/2016/05/02/14/13/general-1367294_150.jpg,https://pixabay.com/photos/general-electric-j79-jet-turbine-1367294/,"general, electric, j79",4985,3363,2898171,3149,2133,17,7,0,2427999,0.6773578913940934,Average,FALSE
https://cdn.pixabay.com/photo/2015/09/19/02/55/blue-angels-946754_150.jpg,https://pixabay.com/photos/blue-angels-jets-navy-military-sky-946754/,"blue angels, jets, navy",4256,2394,2006081,14349,8916,49,30,7,Website-Photography,0.6213673426719633,Popular,FALSE
https://cdn.pixabay.com/photo/2019/09/03/15/59/sky-4449724_150.jpg,https://pixabay.com/photos/sky-usaf-airplane-aviation-jet-4449724/,"sky, usaf, airplane",4500,2989,1629871,1284,870,5,8,1,asompoch,0.677570093457944,Average,FALSE
https://cdn.pixabay.com/photo/2013/05/05/13/32/plane-108935_150.jpg,https://pixabay.com/photos/plane-jet-u-s-navy-f-a-18c-sky-108935/,"plane, jet, u s navy",4372,2915,572810,3398,1715,23,10,1,12019,0.5047086521483225,Average,FALSE
https://cdn.pixabay.com/photo/2018/04/18/00/27/aircraft-3329219_150.jpg,https://pixabay.com/photos/plane-airfield-military-f18-3329219/,"plane, airfield, military",4288,2848,1780805,853,361,7,5,1,Netloop,0.4232121922626026,Unpopular,FALSE
https://cdn.pixabay.com/photo/2018/04/18/00/47/aircraft-3329238_150.jpg,https://pixabay.com/photos/plane-jet-military-flew-f16-3329238/,"plane, jet, military",4288,2848,993341,1922,1025,19,6,1,Netloop,0.5332986472424558,Average,FALSE
